start,type,latency,code
1691471064098,POST,365,201
1691471064098,POST,365,201
1691471064098,POST,365,201
1691471064098,POST,365,201
1691471064098,POST,366,201
1691471064098,POST,366,201
1691471064098,POST,365,201
1691471064098,POST,366,201
1691471064098,POST,366,201
1691471064098,POST,366,201
1691471064098,POST,367,201
1691471064099,POST,365,201
1691471064098,POST,365,201
1691471064098,POST,366,201
1691471064098,POST,366,201
1691471064098,POST,366,201
1691471064098,POST,366,201
1691471064098,POST,363,201
1691471064098,POST,366,201
1691471064098,POST,366,201
1691471064098,POST,366,201
1691471064098,POST,366,201
1691471064098,POST,367,201
1691471064098,POST,366,201
1691471064098,POST,366,201
1691471064098,POST,367,201
1691471064098,POST,366,201
1691471064098,POST,367,201
1691471064098,POST,365,201
1691471064098,POST,366,201
1691471064098,POST,366,201
1691471064098,POST,366,201
1691471064098,POST,365,201
1691471064098,POST,367,201
1691471064098,POST,366,201
1691471064098,POST,366,201
1691471064098,POST,366,201
1691471064099,POST,365,201
1691471064098,POST,366,201
1691471064098,POST,366,201
1691471064098,POST,366,201
1691471064098,POST,366,201
1691471064099,POST,364,201
1691471064098,POST,366,201
1691471064098,POST,366,201
1691471064098,POST,366,201
1691471064098,POST,367,201
1691471064098,POST,365,201
1691471064098,POST,367,201
1691471064098,POST,366,201
1691471064098,POST,366,201
1691471064098,POST,366,201
1691471064098,POST,366,201
1691471064098,POST,367,201
1691471064098,POST,367,201
1691471064098,POST,365,201
1691471064098,POST,365,201
1691471064098,POST,365,201
1691471064098,POST,366,201
1691471064098,POST,365,201
1691471064098,POST,365,201
1691471064098,POST,365,201
1691471064099,POST,364,201
1691471064098,POST,365,201
1691471064098,POST,365,201
1691471064098,POST,365,201
1691471064098,POST,364,201
1691471064098,POST,364,201
1691471064098,POST,364,201
1691471064098,POST,364,201
1691471064098,POST,364,201
1691471064098,POST,364,201
1691471064098,POST,364,201
1691471064098,POST,364,201
1691471064098,POST,364,201
1691471064098,POST,364,201
1691471064098,POST,364,201
1691471064098,POST,363,201
1691471064099,POST,362,201
1691471064098,POST,363,201
1691471064098,POST,363,201
1691471064098,POST,363,201
1691471064098,POST,363,201
1691471064098,POST,363,201
1691471064099,POST,362,201
1691471064098,POST,363,201
1691471064098,POST,363,201
1691471064098,POST,363,201
1691471064098,POST,363,201
1691471064098,POST,363,201
1691471064098,POST,363,201
1691471064098,POST,363,201
1691471064098,POST,363,201
1691471064098,POST,363,201
1691471064098,POST,363,201
1691471064098,POST,363,201
1691471064098,POST,363,201
1691471064099,POST,362,201
1691471064098,POST,363,201
1691471064098,POST,363,201
